"name","number"
"uncalorific_bonobo",0.912875924259424
"wet_shrimp",0.65087046707049
"cranky_earwig",0.766310670645908
"changeable_bream",0.875321330036968
"brilliant_nandine",0.839440350187942
"rhombohedral_canary",0.892198335845023
"necessary_barnowl",0.864339470630512
"snobbish_capeghostfrog",0.777320698834956
